Unnamed: 0,survived,pclass,sex,age,sibsp,parch,fare,embark_town,alone
0,0,3,1,22,1,0,7,2,0
1,1,1,0,38,1,0,71,0,0
2,1,3,0,26,0,0,7,2,1
3,1,1,0,35,1,0,53,2,0
4,0,3,1,35,0,0,8,2,1
5,0,3,1,28,0,0,8,1,1
6,0,1,1,54,0,0,51,2,1
7,0,3,1,2,3,1,21,2,0
8,1,3,0,27,0,2,11,2,0
9,1,2,0,14,1,0,30,0,0
10,1,3,0,4,1,1,16,2,0
11,1,1,0,58,0,0,26,2,1
12,0,3,1,20,0,0,8,2,1
13,0,3,1,39,1,5,31,2,0
14,0,3,0,14,0,0,7,2,1
15,1,2,0,55,0,0,16,2,1
16,0,3,1,2,4,1,29,1,0
17,1,2,1,28,0,0,13,2,1
18,0,3,0,31,1,0,18,2,0
19,1,3,0,28,0,0,7,0,1
20,0,2,1,35,0,0,26,2,1
21,1,2,1,34,0,0,13,2,1
22,1,3,0,15,0,0,8,1,1
23,1,1,1,28,0,0,35,2,1
24,0,3,0,8,3,1,21,2,0
25,1,3,0,38,1,5,31,2,0
26,0,3,1,28,0,0,7,0,1
27,0,1,1,19,3,2,263,2,0
28,1,3,0,28,0,0,7,1,1
29,0,3,1,28,0,0,7,2,1
30,0,1,1,40,0,0,27,0,1
31,1,1,0,28,1,0,146,0,0
32,1,3,0,28,0,0,7,1,1
33,0,2,1,66,0,0,10,2,1
34,0,1,1,28,1,0,82,0,0
35,0,1,1,42,1,0,52,2,0
36,1,3,1,28,0,0,7,0,1
37,0,3,1,21,0,0,8,2,1
38,0,3,0,18,2,0,18,2,0
39,1,3,0,14,1,0,11,0,0
40,0,3,0,40,1,0,9,2,0
41,0,2,0,27,1,0,21,2,0
42,0,3,1,28,0,0,7,0,1
43,1,2,0,3,1,2,41,0,0
44,1,3,0,19,0,0,7,1,1
45,0,3,1,28,0,0,8,2,1
46,0,3,1,28,1,0,15,1,0
47,1,3,0,28,0,0,7,1,1
48,0,3,1,28,2,0,21,0,0
49,0,3,0,18,1,0,17,2,0
50,0,3,1,7,4,1,39,2,0
51,0,3,1,21,0,0,7,2,1
52,1,1,0,49,1,0,76,0,0
53,1,2,0,29,1,0,26,2,0
54,0,1,1,65,0,1,61,0,0
55,1,1,1,28,0,0,35,2,1
56,1,2,0,21,0,0,10,2,1
57,0,3,1,28,0,0,7,0,1
58,1,2,0,5,1,2,27,2,0
59,0,3,1,11,5,2,46,2,0
60,0,3,1,22,0,0,7,0,1
61,1,1,0,38,0,0,80,2,1
62,0,1,1,45,1,0,83,2,0
63,0,3,1,4,3,2,27,2,0
64,0,1,1,28,0,0,27,0,1
65,1,3,1,28,1,1,15,0,0
66,1,2,0,29,0,0,10,2,1
67,0,3,1,19,0,0,8,2,1
68,1,3,0,17,4,2,7,2,0
69,0,3,1,26,2,0,8,2,0
70,0,2,1,32,0,0,10,2,1
71,0,3,0,16,5,2,46,2,0
72,0,2,1,21,0,0,73,2,1
73,0,3,1,26,1,0,14,0,0
74,1,3,1,32,0,0,56,2,1
75,0,3,1,25,0,0,7,2,1
76,0,3,1,28,0,0,7,2,1
77,0,3,1,28,0,0,8,2,1
78,1,2,1,0,0,2,29,2,0
79,1,3,0,30,0,0,12,2,1
80,0,3,1,22,0,0,9,2,1
81,1,3,1,29,0,0,9,2,1
82,1,3,0,28,0,0,7,1,1
83,0,1,1,28,0,0,47,2,1
84,1,2,0,17,0,0,10,2,1
85,1,3,0,33,3,0,15,2,0
86,0,3,1,16,1,3,34,2,0
87,0,3,1,28,0,0,8,2,1
88,1,1,0,23,3,2,263,2,0
89,0,3,1,24,0,0,8,2,1
90,0,3,1,29,0,0,8,2,1
91,0,3,1,20,0,0,7,2,1
92,0,1,1,46,1,0,61,2,0
93,0,3,1,26,1,2,20,2,0
94,0,3,1,59,0,0,7,2,1
95,0,3,1,28,0,0,8,2,1
96,0,1,1,71,0,0,34,0,1
97,1,1,1,23,0,1,63,0,0
98,1,2,0,34,0,1,23,2,0
99,0,2,1,34,1,0,26,2,0
100,0,3,0,28,0,0,7,2,1
101,0,3,1,28,0,0,7,2,1
102,0,1,1,21,0,1,77,2,0
103,0,3,1,33,0,0,8,2,1
104,0,3,1,37,2,0,7,2,0
105,0,3,1,28,0,0,7,2,1
106,1,3,0,21,0,0,7,2,1
107,1,3,1,28,0,0,7,2,1
108,0,3,1,38,0,0,7,2,1
109,1,3,0,28,1,0,24,1,0
110,0,1,1,47,0,0,52,2,1
111,0,3,0,14,1,0,14,0,0
112,0,3,1,22,0,0,8,2,1
113,0,3,0,20,1,0,9,2,0
114,0,3,0,17,0,0,14,0,1
115,0,3,1,21,0,0,7,2,1
116,0,3,1,70,0,0,7,1,1
117,0,2,1,29,1,0,21,2,0
118,0,1,1,24,0,1,247,0,0
119,0,3,0,2,4,2,31,2,0
120,0,2,1,21,2,0,73,2,0
121,0,3,1,28,0,0,8,2,1
122,0,2,1,32,1,0,30,0,0
123,1,2,0,32,0,0,13,2,1
124,0,1,1,54,0,1,77,2,0
125,1,3,1,12,1,0,11,0,0
126,0,3,1,28,0,0,7,1,1
127,1,3,1,24,0,0,7,2,1
128,1,3,0,28,1,1,22,0,0
129,0,3,1,45,0,0,6,2,1
130,0,3,1,33,0,0,7,0,1
131,0,3,1,20,0,0,7,2,1
132,0,3,0,47,1,0,14,2,0
133,1,2,0,29,1,0,26,2,0
134,0,2,1,25,0,0,13,2,1
135,0,2,1,23,0,0,15,0,1
136,1,1,0,19,0,2,26,2,0
137,0,1,1,37,1,0,53,2,0
138,0,3,1,16,0,0,9,2,1
139,0,1,1,24,0,0,79,0,1
140,0,3,0,28,0,2,15,0,0
141,1,3,0,22,0,0,7,2,1
142,1,3,0,24,1,0,15,2,0
143,0,3,1,19,0,0,6,1,1
144,0,2,1,18,0,0,11,2,1
145,0,2,1,19,1,1,36,2,0
146,1,3,1,27,0,0,7,2,1
147,0,3,0,9,2,2,34,2,0
148,0,2,1,36,0,2,26,2,0
149,0,2,1,42,0,0,13,2,1
150,0,2,1,51,0,0,12,2,1
151,1,1,0,22,1,0,66,2,0
152,0,3,1,55,0,0,8,2,1
153,0,3,1,40,0,2,14,2,0
154,0,3,1,28,0,0,7,2,1
155,0,1,1,51,0,1,61,0,0
156,1,3,0,16,0,0,7,1,1
157,0,3,1,30,0,0,8,2,1
158,0,3,1,28,0,0,8,2,1
159,0,3,1,28,8,2,69,2,0
160,0,3,1,44,0,1,16,2,0
161,1,2,0,40,0,0,15,2,1
162,0,3,1,26,0,0,7,2,1
163,0,3,1,17,0,0,8,2,1
164,0,3,1,1,4,1,39,2,0
165,1,3,1,9,0,2,20,2,0
166,1,1,0,28,0,1,55,2,0
167,0,3,0,45,1,4,27,2,0
168,0,1,1,28,0,0,25,2,1
169,0,3,1,28,0,0,56,2,1
170,0,1,1,61,0,0,33,2,1
171,0,3,1,4,4,1,29,1,0
172,1,3,0,1,1,1,11,2,0
173,0,3,1,21,0,0,7,2,1
174,0,1,1,56,0,0,30,0,1
175,0,3,1,18,1,1,7,2,0
176,0,3,1,28,3,1,25,2,0
177,0,1,0,50,0,0,28,0,1
178,0,2,1,30,0,0,13,2,1
179,0,3,1,36,0,0,0,2,1
180,0,3,0,28,8,2,69,2,0
181,0,2,1,28,0,0,15,0,1
182,0,3,1,9,4,2,31,2,0
183,1,2,1,1,2,1,39,2,0
184,1,3,0,4,0,2,22,2,0
185,0,1,1,28,0,0,50,2,1
186,1,3,0,28,1,0,15,1,0
187,1,1,1,45,0,0,26,2,1
188,0,3,1,40,1,1,15,1,0
189,0,3,1,36,0,0,7,2,1
190,1,2,0,32,0,0,13,2,1
191,0,2,1,19,0,0,13,2,1
192,1,3,0,19,1,0,7,2,0
193,1,2,1,3,1,1,26,2,0
194,1,1,0,44,0,0,27,0,1
195,1,1,0,58,0,0,146,0,1
196,0,3,1,28,0,0,7,1,1
197,0,3,1,42,0,1,8,2,0
198,1,3,0,28,0,0,7,1,1
199,0,2,0,24,0,0,13,2,1
200,0,3,1,28,0,0,9,2,1
201,0,3,1,28,8,2,69,2,0
202,0,3,1,34,0,0,6,2,1
203,0,3,1,45,0,0,7,0,1
204,1,3,1,18,0,0,8,2,1
205,0,3,0,2,0,1,10,2,0
206,0,3,1,32,1,0,15,2,0
207,1,3,1,26,0,0,18,0,1
208,1,3,0,16,0,0,7,1,1
209,1,1,1,40,0,0,31,0,1
210,0,3,1,24,0,0,7,2,1
211,1,2,0,35,0,0,21,2,1
212,0,3,1,22,0,0,7,2,1
213,0,2,1,30,0,0,13,2,1
214,0,3,1,28,1,0,7,1,0
215,1,1,0,31,1,0,113,0,0
216,1,3,0,27,0,0,7,2,1
217,0,2,1,42,1,0,27,2,0
218,1,1,0,32,0,0,76,0,1
219,0,2,1,30,0,0,10,2,1
220,1,3,1,16,0,0,8,2,1
221,0,2,1,27,0,0,13,2,1
222,0,3,1,51,0,0,8,2,1
223,0,3,1,28,0,0,7,2,1
224,1,1,1,38,1,0,90,2,0
225,0,3,1,22,0,0,9,2,1
226,1,2,1,19,0,0,10,2,1
227,0,3,1,20,0,0,7,2,1
228,0,2,1,18,0,0,13,2,1
229,0,3,0,28,3,1,25,2,0
230,1,1,0,35,1,0,83,2,0
231,0,3,1,29,0,0,7,2,1
232,0,2,1,59,0,0,13,2,1
233,1,3,0,5,4,2,31,2,0
234,0,2,1,24,0,0,10,2,1
235,0,3,0,28,0,0,7,2,1
236,0,2,1,44,1,0,26,2,0
237,1,2,0,8,0,2,26,2,0
238,0,2,1,19,0,0,10,2,1
239,0,2,1,33,0,0,12,2,1
240,0,3,0,28,1,0,14,0,0
241,1,3,0,28,1,0,15,1,0
242,0,2,1,29,0,0,10,2,1
243,0,3,1,22,0,0,7,2,1
244,0,3,1,30,0,0,7,0,1
245,0,1,1,44,2,0,90,1,0
246,0,3,0,25,0,0,7,2,1
247,1,2,0,24,0,2,14,2,0
248,1,1,1,37,1,1,52,2,0
249,0,2,1,54,1,0,26,2,0
250,0,3,1,28,0,0,7,2,1
251,0,3,0,29,1,1,10,2,0
252,0,1,1,62,0,0,26,2,1
253,0,3,1,30,1,0,16,2,0
254,0,3,0,41,0,2,20,2,0
255,1,3,0,29,0,2,15,0,0
256,1,1,0,28,0,0,79,0,1
257,1,1,0,30,0,0,86,2,1
258,1,1,0,35,0,0,512,0,1
259,1,2,0,50,0,1,26,2,0
260,0,3,1,28,0,0,7,1,1
261,1,3,1,3,4,2,31,2,0
262,0,1,1,52,1,1,79,2,0
263,0,1,1,40,0,0,0,2,1
264,0,3,0,28,0,0,7,1,1
265,0,2,1,36,0,0,10,2,1
266,0,3,1,16,4,1,39,2,0
267,1,3,1,25,1,0,7,2,0
268,1,1,0,58,0,1,153,2,0
269,1,1,0,35,0,0,135,2,1
270,0,1,1,28,0,0,31,2,1
271,1,3,1,25,0,0,0,2,1
272,1,2,0,41,0,1,19,2,0
273,0,1,1,37,0,1,29,0,0
274,1,3,0,28,0,0,7,1,1
275,1,1,0,63,1,0,77,2,0
276,0,3,0,45,0,0,7,2,1
277,0,2,1,28,0,0,0,2,1
278,0,3,1,7,4,1,29,1,0
279,1,3,0,35,1,1,20,2,0
280,0,3,1,65,0,0,7,1,1
281,0,3,1,28,0,0,7,2,1
282,0,3,1,16,0,0,9,2,1
283,1,3,1,19,0,0,8,2,1
284,0,1,1,28,0,0,26,2,1
285,0,3,1,33,0,0,8,0,1
286,1,3,1,30,0,0,9,2,1
287,0,3,1,22,0,0,7,2,1
288,1,2,1,42,0,0,13,2,1
289,1,3,0,22,0,0,7,1,1
290,1,1,0,26,0,0,78,2,1
291,1,1,0,19,1,0,91,0,0
292,0,2,1,36,0,0,12,0,1
293,0,3,0,24,0,0,8,2,1
294,0,3,1,24,0,0,7,2,1
295,0,1,1,28,0,0,27,0,1
296,0,3,1,23,0,0,7,0,1
297,0,1,0,2,1,2,151,2,0
298,1,1,1,28,0,0,30,2,1
299,1,1,0,50,0,1,247,0,0
300,1,3,0,28,0,0,7,1,1
301,1,3,1,28,2,0,23,1,0
302,0,3,1,19,0,0,0,2,1
303,1,2,0,28,0,0,12,1,1
304,0,3,1,28,0,0,8,2,1
305,1,1,1,0,1,2,151,2,0
306,1,1,0,28,0,0,110,0,1
307,1,1,0,17,1,0,108,0,0
308,0,2,1,30,1,0,24,0,0
309,1,1,0,30,0,0,56,0,1
310,1,1,0,24,0,0,83,0,1
311,1,1,0,18,2,2,262,0,0
312,0,2,0,26,1,1,26,2,0
313,0,3,1,28,0,0,7,2,1
314,0,2,1,43,1,1,26,2,0
315,1,3,0,26,0,0,7,2,1
316,1,2,0,24,1,0,26,2,0
317,0,2,1,54,0,0,14,2,1
318,1,1,0,31,0,2,164,2,0
319,1,1,0,40,1,1,134,0,0
320,0,3,1,22,0,0,7,2,1
321,0,3,1,27,0,0,7,2,1
322,1,2,0,30,0,0,12,1,1
323,1,2,0,22,1,1,29,2,0
324,0,3,1,28,8,2,69,2,0
325,1,1,0,36,0,0,135,0,1
326,0,3,1,61,0,0,6,2,1
327,1,2,0,36,0,0,13,2,1
328,1,3,0,31,1,1,20,2,0
329,1,1,0,16,0,1,57,0,0
330,1,3,0,28,2,0,23,1,0
331,0,1,1,45,0,0,28,2,1
332,0,1,1,38,0,1,153,2,0
333,0,3,1,16,2,0,18,2,0
334,1,1,0,28,1,0,133,2,0
335,0,3,1,28,0,0,7,2,1
336,0,1,1,29,1,0,66,2,0
337,1,1,0,41,0,0,134,0,1
338,1,3,1,45,0,0,8,2,1
339,0,1,1,45,0,0,35,2,1
340,1,2,1,2,1,1,26,2,0
341,1,1,0,24,3,2,263,2,0
342,0,2,1,28,0,0,13,2,1
343,0,2,1,25,0,0,13,2,1
344,0,2,1,36,0,0,13,2,1
345,1,2,0,24,0,0,13,2,1
346,1,2,0,40,0,0,13,2,1
347,1,3,0,28,1,0,16,2,0
348,1,3,1,3,1,1,15,2,0
349,0,3,1,42,0,0,8,2,1
350,0,3,1,23,0,0,9,2,1
351,0,1,1,28,0,0,35,2,1
352,0,3,1,15,1,1,7,0,0
353,0,3,1,25,1,0,17,2,0
354,0,3,1,28,0,0,7,0,1
355,0,3,1,28,0,0,9,2,1
356,1,1,0,22,0,1,55,2,0
357,0,2,0,38,0,0,13,2,1
358,1,3,0,28,0,0,7,1,1
359,1,3,0,28,0,0,7,1,1
360,0,3,1,40,1,4,27,2,0
361,0,2,1,29,1,0,27,0,0
362,0,3,0,45,0,1,14,0,0
363,0,3,1,35,0,0,7,2,1
364,0,3,1,28,1,0,15,1,0
365,0,3,1,30,0,0,7,2,1
366,1,1,0,60,1,0,75,0,0
367,1,3,0,28,0,0,7,0,1
368,1,3,0,28,0,0,7,1,1
369,1,1,0,24,0,0,69,0,1
370,1,1,1,25,1,0,55,0,0
371,0,3,1,18,1,0,6,2,0
372,0,3,1,19,0,0,8,2,1
373,0,1,1,22,0,0,135,0,1
374,0,3,0,3,3,1,21,2,0
375,1,1,0,28,1,0,82,0,0
376,1,3,0,22,0,0,7,2,1
377,0,1,1,27,0,2,211,0,0
378,0,3,1,20,0,0,4,0,1
379,0,3,1,19,0,0,7,2,1
380,1,1,0,42,0,0,227,0,1
381,1,3,0,1,0,2,15,0,0
382,0,3,1,32,0,0,7,2,1
383,1,1,0,35,1,0,52,2,0
384,0,3,1,28,0,0,7,2,1
385,0,2,1,18,0,0,73,2,1
386,0,3,1,1,5,2,46,2,0
387,1,2,0,36,0,0,13,2,1
388,0,3,1,28,0,0,7,1,1
389,1,2,0,17,0,0,12,0,1
390,1,1,1,36,1,2,120,2,0
391,1,3,1,21,0,0,7,2,1
392,0,3,1,28,2,0,7,2,0
393,1,1,0,23,1,0,113,0,0
394,1,3,0,24,0,2,16,2,0
395,0,3,1,22,0,0,7,2,1
396,0,3,0,31,0,0,7,2,1
397,0,2,1,46,0,0,26,2,1
398,0,2,1,23,0,0,10,2,1
399,1,2,0,28,0,0,12,2,1
400,1,3,1,39,0,0,7,2,1
401,0,3,1,26,0,0,8,2,1
402,0,3,0,21,1,0,9,2,0
403,0,3,1,28,1,0,15,2,0
404,0,3,0,20,0,0,8,2,1
405,0,2,1,34,1,0,21,2,0
406,0,3,1,51,0,0,7,2,1
407,1,2,1,3,1,1,18,2,0
408,0,3,1,21,0,0,7,2,1
409,0,3,0,28,3,1,25,2,0
410,0,3,1,28,0,0,7,2,1
411,0,3,1,28,0,0,6,1,1
412,1,1,0,33,1,0,90,1,0
413,0,2,1,28,0,0,0,2,1
414,1,3,1,44,0,0,7,2,1
415,0,3,0,28,0,0,8,2,1
416,1,2,0,34,1,1,32,2,0
417,1,2,0,18,0,2,13,2,0
418,0,2,1,30,0,0,13,2,1
419,0,3,0,10,0,2,24,2,0
420,0,3,1,28,0,0,7,0,1
421,0,3,1,21,0,0,7,1,1
422,0,3,1,29,0,0,7,2,1
423,0,3,0,28,1,1,14,2,0
424,0,3,1,18,1,1,20,2,0
425,0,3,1,28,0,0,7,2,1
426,1,2,0,28,1,0,26,2,0
427,1,2,0,19,0,0,26,2,1
428,0,3,1,28,0,0,7,1,1
429,1,3,1,32,0,0,8,2,1
430,1,1,1,28,0,0,26,2,1
431,1,3,0,28,1,0,16,2,0
432,1,2,0,42,1,0,26,2,0
433,0,3,1,17,0,0,7,2,1
434,0,1,1,50,1,0,55,2,0
435,1,1,0,14,1,2,120,2,0
436,0,3,0,21,2,2,34,2,0
437,1,2,0,24,2,3,18,2,0
438,0,1,1,64,1,4,263,2,0
439,0,2,1,31,0,0,10,2,1
440,1,2,0,45,1,1,26,2,0
441,0,3,1,20,0,0,9,2,1
442,0,3,1,25,1,0,7,2,0
443,1,2,0,28,0,0,13,2,1
444,1,3,1,28,0,0,8,2,1
445,1,1,1,4,0,2,81,2,0
446,1,2,0,13,0,1,19,2,0
447,1,1,1,34,0,0,26,2,1
448,1,3,0,5,2,1,19,0,0
449,1,1,1,52,0,0,30,2,1
450,0,2,1,36,1,2,27,2,0
451,0,3,1,28,1,0,19,2,0
452,0,1,1,30,0,0,27,0,1
453,1,1,1,49,1,0,89,0,0
454,0,3,1,28,0,0,8,2,1
455,1,3,1,29,0,0,7,0,1
456,0,1,1,65,0,0,26,2,1
457,1,1,0,28,1,0,51,2,0
458,1,2,0,50,0,0,10,2,1
459,0,3,1,28,0,0,7,1,1
460,1,1,1,48,0,0,26,2,1
461,0,3,1,34,0,0,8,2,1
462,0,1,1,47,0,0,38,2,1
463,0,2,1,48,0,0,13,2,1
464,0,3,1,28,0,0,8,2,1
465,0,3,1,38,0,0,7,2,1
466,0,2,1,28,0,0,0,2,1
467,0,1,1,56,0,0,26,2,1
468,0,3,1,28,0,0,7,1,1
469,1,3,0,0,2,1,19,0,0
470,0,3,1,28,0,0,7,2,1
471,0,3,1,38,0,0,8,2,1
472,1,2,0,33,1,2,27,2,0
473,1,2,0,23,0,0,13,0,1
474,0,3,0,22,0,0,9,2,1
475,0,1,1,28,0,0,52,2,1
476,0,2,1,34,1,0,21,2,0
477,0,3,1,29,1,0,7,2,0
478,0,3,1,22,0,0,7,2,1
479,1,3,0,2,0,1,12,2,0
480,0,3,1,9,5,2,46,2,0
481,0,2,1,28,0,0,0,2,1
482,0,3,1,50,0,0,8,2,1
483,1,3,0,63,0,0,9,2,1
484,1,1,1,25,1,0,91,0,0
485,0,3,0,28,3,1,25,2,0
486,1,1,0,35,1,0,90,2,0
487,0,1,1,58,0,0,29,0,1
488,0,3,1,30,0,0,8,2,1
489,1,3,1,9,1,1,15,2,0
490,0,3,1,28,1,0,19,2,0
491,0,3,1,21,0,0,7,2,1
492,0,1,1,55,0,0,30,2,1
493,0,1,1,71,0,0,49,0,1
494,0,3,1,21,0,0,8,2,1
495,0,3,1,28,0,0,14,0,1
496,1,1,0,54,1,0,78,0,0
497,0,3,1,28,0,0,15,2,1
498,0,1,0,25,1,2,151,2,0
499,0,3,1,24,0,0,7,2,1
500,0,3,1,17,0,0,8,2,1
501,0,3,0,21,0,0,7,1,1
502,0,3,0,28,0,0,7,1,1
503,0,3,0,37,0,0,9,2,1
504,1,1,0,16,0,0,86,2,1
505,0,1,1,18,1,0,108,0,0
506,1,2,0,33,0,2,26,2,0
507,1,1,1,28,0,0,26,2,1
508,0,3,1,28,0,0,22,2,1
509,1,3,1,26,0,0,56,2,1
510,1,3,1,29,0,0,7,1,1
511,0,3,1,28,0,0,8,2,1
512,1,1,1,36,0,0,26,2,1
513,1,1,0,54,1,0,59,0,0
514,0,3,1,24,0,0,7,2,1
515,0,1,1,47,0,0,34,2,1
516,1,2,0,34,0,0,10,2,1
517,0,3,1,28,0,0,24,1,1
518,1,2,0,36,1,0,26,2,0
519,0,3,1,32,0,0,7,2,1
520,1,1,0,30,0,0,93,2,1
521,0,3,1,22,0,0,7,2,1
522,0,3,1,28,0,0,7,0,1
523,1,1,0,44,0,1,57,0,0
524,0,3,1,28,0,0,7,0,1
525,0,3,1,40,0,0,7,1,1
526,1,2,0,50,0,0,10,2,1
527,0,1,1,28,0,0,221,2,1
528,0,3,1,39,0,0,7,2,1
529,0,2,1,23,2,1,11,2,0
530,1,2,0,2,1,1,26,2,0
531,0,3,1,28,0,0,7,0,1
532,0,3,1,17,1,1,7,0,0
533,1,3,0,28,0,2,22,0,0
534,0,3,0,30,0,0,8,2,1
535,1,2,0,7,0,2,26,2,0
536,0,1,1,45,0,0,26,2,1
537,1,1,0,30,0,0,106,0,1
538,0,3,1,28,0,0,14,2,1
539,1,1,0,22,0,2,49,0,0
540,1,1,0,36,0,2,71,2,0
541,0,3,0,9,4,2,31,2,0
542,0,3,0,11,4,2,31,2,0
543,1,2,1,32,1,0,26,2,0
544,0,1,1,50,1,0,106,0,0
545,0,1,1,64,0,0,26,2,1
546,1,2,0,19,1,0,26,2,0
547,1,2,1,28,0,0,13,0,1
548,0,3,1,33,1,1,20,2,0
549,1,2,1,8,1,1,36,2,0
550,1,1,1,17,0,2,110,0,0
551,0,2,1,27,0,0,26,2,1
552,0,3,1,28,0,0,7,1,1
553,1,3,1,22,0,0,7,0,1
554,1,3,0,22,0,0,7,2,1
555,0,1,1,62,0,0,26,2,1
556,1,1,0,48,1,0,39,0,0
557,0,1,1,28,0,0,227,0,1
558,1,1,0,39,1,1,79,2,0
559,1,3,0,36,1,0,17,2,0
560,0,3,1,28,0,0,7,1,1
561,0,3,1,40,0,0,7,2,1
562,0,2,1,28,0,0,13,2,1
563,0,3,1,28,0,0,8,2,1
564,0,3,0,28,0,0,8,2,1
565,0,3,1,24,2,0,24,2,0
566,0,3,1,19,0,0,7,2,1
567,0,3,0,29,0,4,21,2,0
568,0,3,1,28,0,0,7,0,1
569,1,3,1,32,0,0,7,2,1
570,1,2,1,62,0,0,10,2,1
571,1,1,0,53,2,0,51,2,0
572,1,1,1,36,0,0,26,2,1
573,1,3,0,28,0,0,7,1,1
574,0,3,1,16,0,0,8,2,1
575,0,3,1,19,0,0,14,2,1
576,1,2,0,34,0,0,13,2,1
577,1,1,0,39,1,0,55,2,0
578,0,3,0,28,1,0,14,0,0
579,1,3,1,32,0,0,7,2,1
580,1,2,0,25,1,1,30,2,0
581,1,1,0,39,1,1,110,0,0
582,0,2,1,54,0,0,26,2,1
583,0,1,1,36,0,0,40,0,1
584,0,3,1,28,0,0,8,0,1
585,1,1,0,18,0,2,79,2,0
586,0,2,1,47,0,0,15,2,1
587,1,1,1,60,1,1,79,0,0
588,0,3,1,22,0,0,8,2,1
589,0,3,1,28,0,0,8,2,1
590,0,3,1,35,0,0,7,2,1
591,1,1,0,52,1,0,78,0,0
592,0,3,1,47,0,0,7,2,1
593,0,3,0,28,0,2,7,1,0
594,0,2,1,37,1,0,26,2,0
595,0,3,1,36,1,1,24,2,0
596,1,2,0,28,0,0,33,2,1
597,0,3,1,49,0,0,0,2,1
598,0,3,1,28,0,0,7,0,1
599,1,1,1,49,1,0,56,0,0
600,1,2,0,24,2,1,27,2,0
601,0,3,1,28,0,0,7,2,1
602,0,1,1,28,0,0,42,2,1
603,0,3,1,44,0,0,8,2,1
604,1,1,1,35,0,0,26,0,1
605,0,3,1,36,1,0,15,2,0
606,0,3,1,30,0,0,7,2,1
607,1,1,1,27,0,0,30,2,1
608,1,2,0,22,1,2,41,0,0
609,1,1,0,40,0,0,153,2,1
610,0,3,0,39,1,5,31,2,0
611,0,3,1,28,0,0,7,2,1
612,1,3,0,28,1,0,15,1,0
613,0,3,1,28,0,0,7,1,1
614,0,3,1,35,0,0,8,2,1
615,1,2,0,24,1,2,65,2,0
616,0,3,1,34,1,1,14,2,0
617,0,3,0,26,1,0,16,2,0
618,1,2,0,4,2,1,39,2,0
619,0,2,1,26,0,0,10,2,1
620,0,3,1,27,1,0,14,0,0
621,1,1,1,42,1,0,52,2,0
622,1,3,1,20,1,1,15,0,0
623,0,3,1,21,0,0,7,2,1
624,0,3,1,21,0,0,16,2,1
625,0,1,1,61,0,0,32,2,1
626,0,2,1,57,0,0,12,1,1
627,1,1,0,21,0,0,77,2,1
628,0,3,1,26,0,0,7,2,1
629,0,3,1,28,0,0,7,1,1
630,1,1,1,80,0,0,30,2,1
631,0,3,1,51,0,0,7,2,1
632,1,1,1,32,0,0,30,0,1
633,0,1,1,28,0,0,0,2,1
634,0,3,0,9,3,2,27,2,0
635,1,2,0,28,0,0,13,2,1
636,0,3,1,32,0,0,7,2,1
637,0,2,1,31,1,1,26,2,0
638,0,3,0,41,0,5,39,2,0
639,0,3,1,28,1,0,16,2,0
640,0,3,1,20,0,0,7,2,1
641,1,1,0,24,0,0,69,0,1
642,0,3,0,2,3,2,27,2,0
643,1,3,1,28,0,0,56,2,1
644,1,3,0,0,2,1,19,0,0
645,1,1,1,48,1,0,76,0,0
646,0,3,1,19,0,0,7,2,1
647,1,1,1,56,0,0,35,0,1
648,0,3,1,28,0,0,7,2,1
649,1,3,0,23,0,0,7,2,1
650,0,3,1,28,0,0,7,2,1
651,1,2,0,18,0,1,23,2,0
652,0,3,1,21,0,0,8,2,1
653,1,3,0,28,0,0,7,1,1
654,0,3,0,18,0,0,6,1,1
655,0,2,1,24,2,0,73,2,0
656,0,3,1,28,0,0,7,2,1
657,0,3,0,32,1,1,15,1,0
658,0,2,1,23,0,0,13,2,1
659,0,1,1,58,0,2,113,0,0
660,1,1,1,50,2,0,133,2,0
661,0,3,1,40,0,0,7,0,1
662,0,1,1,47,0,0,25,2,1
663,0,3,1,36,0,0,7,2,1
664,1,3,1,20,1,0,7,2,0
665,0,2,1,32,2,0,73,2,0
666,0,2,1,25,0,0,13,2,1
667,0,3,1,28,0,0,7,2,1
668,0,3,1,43,0,0,8,2,1
669,1,1,0,28,1,0,52,2,0
670,1,2,0,40,1,1,39,2,0
671,0,1,1,31,1,0,52,2,0
672,0,2,1,70,0,0,10,2,1
673,1,2,1,31,0,0,13,2,1
674,0,2,1,28,0,0,0,2,1
675,0,3,1,18,0,0,7,2,1
676,0,3,1,24,0,0,8,2,1
677,1,3,0,18,0,0,9,2,1
678,0,3,0,43,1,6,46,2,0
679,1,1,1,36,0,1,512,0,0
680,0,3,0,28,0,0,8,1,1
681,1,1,1,27,0,0,76,0,1
682,0,3,1,20,0,0,9,2,1
683,0,3,1,14,5,2,46,2,0
684,0,2,1,60,1,1,39,2,0
685,0,2,1,25,1,2,41,0,0
686,0,3,1,14,4,1,39,2,0
687,0,3,1,19,0,0,10,2,1
688,0,3,1,18,0,0,7,2,1
689,1,1,0,15,0,1,211,2,0
690,1,1,1,31,1,0,57,2,0
691,1,3,0,4,0,1,13,0,0
692,1,3,1,28,0,0,56,2,1
693,0,3,1,25,0,0,7,0,1
694,0,1,1,60,0,0,26,2,1
695,0,2,1,52,0,0,13,2,1
696,0,3,1,44,0,0,8,2,1
697,1,3,0,28,0,0,7,1,1
698,0,1,1,49,1,1,110,0,0
699,0,3,1,42,0,0,7,2,1
700,1,1,0,18,1,0,227,0,0
701,1,1,1,35,0,0,26,2,1
702,0,3,0,18,0,1,14,0,0
703,0,3,1,25,0,0,7,1,1
704,0,3,1,26,1,0,7,2,0
705,0,2,1,39,0,0,26,2,1
706,1,2,0,45,0,0,13,2,1
707,1,1,1,42,0,0,26,2,1
708,1,1,0,22,0,0,151,2,1
709,1,3,1,28,1,1,15,0,0
710,1,1,0,24,0,0,49,0,1
711,0,1,1,28,0,0,26,2,1
712,1,1,1,48,1,0,52,2,0
713,0,3,1,29,0,0,9,2,1
714,0,2,1,52,0,0,13,2,1
715,0,3,1,19,0,0,7,2,1
716,1,1,0,38,0,0,227,0,1
717,1,2,0,27,0,0,10,2,1
718,0,3,1,28,0,0,15,1,1
719,0,3,1,33,0,0,7,2,1
720,1,2,0,6,0,1,33,2,0
721,0,3,1,17,1,0,7,2,0
722,0,2,1,34,0,0,13,2,1
723,0,2,1,50,0,0,13,2,1
724,1,1,1,27,1,0,53,2,0
725,0,3,1,20,0,0,8,2,1
726,1,2,0,30,3,0,21,2,0
727,1,3,0,28,0,0,7,1,1
728,0,2,1,25,1,0,26,2,0
729,0,3,0,25,1,0,7,2,0
730,1,1,0,29,0,0,211,2,1
731,0,3,1,11,0,0,18,0,1
732,0,2,1,28,0,0,0,2,1
733,0,2,1,23,0,0,13,2,1
734,0,2,1,23,0,0,13,2,1
735,0,3,1,28,0,0,16,2,1
736,0,3,0,48,1,3,34,2,0
737,1,1,1,35,0,0,512,0,1
738,0,3,1,28,0,0,7,2,1
739,0,3,1,28,0,0,7,2,1
740,1,1,1,28,0,0,30,2,1
741,0,1,1,36,1,0,78,2,0
742,1,1,0,21,2,2,262,0,0
743,0,3,1,24,1,0,16,2,0
744,1,3,1,31,0,0,7,2,1
745,0,1,1,70,1,1,71,2,0
746,0,3,1,16,1,1,20,2,0
747,1,2,0,30,0,0,13,2,1
748,0,1,1,19,1,0,53,2,0
749,0,3,1,31,0,0,7,1,1
750,1,2,0,4,1,1,23,2,0
751,1,3,1,6,0,1,12,2,0
752,0,3,1,33,0,0,9,2,1
753,0,3,1,23,0,0,7,2,1
754,1,2,0,48,1,2,65,2,0
755,1,2,1,0,1,1,14,2,0
756,0,3,1,28,0,0,7,2,1
757,0,2,1,18,0,0,11,2,1
758,0,3,1,34,0,0,8,2,1
759,1,1,0,33,0,0,86,2,1
760,0,3,1,28,0,0,14,2,1
761,0,3,1,41,0,0,7,2,1
762,1,3,1,20,0,0,7,0,1
763,1,1,0,36,1,2,120,2,0
764,0,3,1,16,0,0,7,2,1
765,1,1,0,51,1,0,77,2,0
766,0,1,1,28,0,0,39,0,1
767,0,3,0,30,0,0,7,1,1
768,0,3,1,28,1,0,24,1,0
769,0,3,1,32,0,0,8,2,1
770,0,3,1,24,0,0,9,2,1
771,0,3,1,48,0,0,7,2,1
772,0,2,0,57,0,0,10,2,1
773,0,3,1,28,0,0,7,0,1
774,1,2,0,54,1,3,23,2,0
775,0,3,1,18,0,0,7,2,1
776,0,3,1,28,0,0,7,1,1
777,1,3,0,5,0,0,12,2,1
778,0,3,1,28,0,0,7,1,1
779,1,1,0,43,0,1,211,2,0
780,1,3,0,13,0,0,7,0,1
781,1,1,0,17,1,0,57,2,0
782,0,1,1,29,0,0,30,2,1
783,0,3,1,28,1,2,23,2,0
784,0,3,1,25,0,0,7,2,1
785,0,3,1,25,0,0,7,2,1
786,1,3,0,18,0,0,7,2,1
787,0,3,1,8,4,1,29,1,0
788,1,3,1,1,1,2,20,2,0
789,0,1,1,46,0,0,79,0,1
790,0,3,1,28,0,0,7,1,1
791,0,2,1,16,0,0,26,2,1
792,0,3,0,28,8,2,69,2,0
793,0,1,1,28,0,0,30,0,1
794,0,3,1,25,0,0,7,2,1
795,0,2,1,39,0,0,13,2,1
796,1,1,0,49,0,0,25,2,1
797,1,3,0,31,0,0,8,2,1
798,0,3,1,30,0,0,7,0,1
799,0,3,0,30,1,1,24,2,0
800,0,2,1,34,0,0,13,2,1
801,1,2,0,31,1,1,26,2,0
802,1,1,1,11,1,2,120,2,0
803,1,3,1,0,0,1,8,0,0
804,1,3,1,27,0,0,6,2,1
805,0,3,1,31,0,0,7,2,1
806,0,1,1,39,0,0,0,2,1
807,0,3,0,18,0,0,7,2,1
808,0,2,1,39,0,0,13,2,1
809,1,1,0,33,1,0,53,2,0
810,0,3,1,26,0,0,7,2,1
811,0,3,1,39,0,0,24,2,1
812,0,2,1,35,0,0,10,2,1
813,0,3,0,6,4,2,31,2,0
814,0,3,1,30,0,0,8,2,1
815,0,1,1,28,0,0,0,2,1
816,0,3,0,23,0,0,7,2,1
817,0,2,1,31,1,1,37,0,0
818,0,3,1,43,0,0,6,2,1
819,0,3,1,10,3,2,27,2,0
820,1,1,0,52,1,1,93,2,0
821,1,3,1,27,0,0,8,2,1
822,0,1,1,38,0,0,0,2,1
823,1,3,0,27,0,1,12,2,0
824,0,3,1,2,4,1,39,2,0
825,0,3,1,28,0,0,6,1,1
826,0,3,1,28,0,0,56,2,1
827,1,2,1,1,0,2,37,0,0
828,1,3,1,28,0,0,7,1,1
829,1,1,0,62,0,0,80,2,1
830,1,3,0,15,1,0,14,0,0
831,1,2,1,0,1,1,18,2,0
832,0,3,1,28,0,0,7,0,1
833,0,3,1,23,0,0,7,2,1
834,0,3,1,18,0,0,8,2,1
835,1,1,0,39,1,1,83,0,0
836,0,3,1,21,0,0,8,2,1
837,0,3,1,28,0,0,8,2,1
838,1,3,1,32,0,0,56,2,1
839,1,1,1,28,0,0,29,0,1
840,0,3,1,20,0,0,7,2,1
841,0,2,1,16,0,0,10,2,1
842,1,1,0,30,0,0,31,0,1
843,0,3,1,34,0,0,6,0,1
844,0,3,1,17,0,0,8,2,1
845,0,3,1,42,0,0,7,2,1
846,0,3,1,28,8,2,69,2,0
847,0,3,1,35,0,0,7,0,1
848,0,2,1,28,0,1,33,2,0
849,1,1,0,28,1,0,89,0,0
850,0,3,1,4,4,2,31,2,0
851,0,3,1,74,0,0,7,2,1
852,0,3,0,9,1,1,15,0,0
853,1,1,0,16,0,1,39,2,0
854,0,2,0,44,1,0,26,2,0
855,1,3,0,18,0,1,9,2,0
856,1,1,0,45,1,1,164,2,0
857,1,1,1,51,0,0,26,2,1
858,1,3,0,24,0,3,19,0,0
859,0,3,1,28,0,0,7,0,1
860,0,3,1,41,2,0,14,2,0
861,0,2,1,21,1,0,11,2,0
862,1,1,0,48,0,0,25,2,1
863,0,3,0,28,8,2,69,2,0
864,0,2,1,24,0,0,13,2,1
865,1,2,0,42,0,0,13,2,1
866,1,2,0,27,1,0,13,0,0
867,0,1,1,31,0,0,50,2,1
868,0,3,1,28,0,0,9,2,1
869,1,3,1,4,1,1,11,2,0
870,0,3,1,26,0,0,7,2,1
871,1,1,0,47,1,1,52,2,0
872,0,1,1,33,0,0,5,2,1
873,0,3,1,47,0,0,9,2,1
874,1,2,0,28,1,0,24,0,0
875,1,3,0,15,0,0,7,0,1
876,0,3,1,20,0,0,9,2,1
877,0,3,1,19,0,0,7,2,1
878,0,3,1,28,0,0,7,2,1
879,1,1,0,56,0,1,83,0,0
880,1,2,0,25,0,1,26,2,0
881,0,3,1,33,0,0,7,2,1
882,0,3,0,22,0,0,10,2,1
883,0,2,1,28,0,0,10,2,1
884,0,3,1,25,0,0,7,2,1
885,0,3,0,39,0,5,29,1,0
886,0,2,1,27,0,0,13,2,1
887,1,1,0,19,0,0,30,2,1
888,0,3,0,28,1,2,23,2,0
889,1,1,1,26,0,0,30,0,1
890,0,3,1,32,0,0,7,1,1
